{"cameraMode":{"drawMode":0,"name":"Shaded","section":"Shading Mode"},"sceneLighting":true,"audioPlay":false,"sceneViewState":{"showFog":true,"showMaterialUpdate":false,"showSkybox":true,"showFlares":true,"showImageEffects":true,"showParticleSystems":true},"in2DMode":false,"pivot":{"x":0.5168555974960327,"y":1.8827805519104005,"z":-1.2652463912963868},"rotation":{"x":-0.027906714007258416,"y":0.9584117531776428,"z":-0.2655678689479828,"w":-0.10071326792240143},"size":9.939373016357422,"orthographic":false}