{"cameraMode":{"drawMode":0,"name":"Shaded","section":"Shading Mode"},"sceneLighting":true,"audioPlay":false,"sceneViewState":{"showFog":true,"showMaterialUpdate":false,"showSkybox":true,"showFlares":true,"showImageEffects":true,"showParticleSystems":true},"in2DMode":false,"pivot":{"x":0.8177359104156494,"y":-2.1730737686157228,"z":9.431434631347657},"rotation":{"x":-0.3426048457622528,"y":0.02451508492231369,"z":-0.00894063152372837,"w":-0.9391266107559204},"size":18.41106605529785,"orthographic":false}